{
  "classification_report": {
    "看空": {
      "precision": 0.06779661016949153,
      "recall": 0.34782608695652173,
      "f1-score": 0.11347517730496454,
      "support": 23.0
    },
    "看多": {
      "precision": 0.038461538461538464,
      "recall": 0.5,
      "f1-score": 0.07142857142857142,
      "support": 8.0
    },
    "震荡": {
      "precision": 1.0,
      "recall": 0.07281553398058252,
      "f1-score": 0.13574660633484162,
      "support": 206.0
    },
    "accuracy": 0.11392405063291139,
    "macro avg": {
      "precision": 0.3687527162103433,
      "recall": 0.30688054031236806,
      "f1-score": 0.10688345168945919,
      "support": 237.0
    },
    "weighted avg": {
      "precision": 0.8770760098801292,
      "recall": 0.11392405063291139,
      "f1-score": 0.13141417111569675,
      "support": 237.0
    }
  },
  "confusion_matrix": [
    [
      8,
      15,
      0
    ],
    [
      4,
      4,
      0
    ],
    [
      106,
      85,
      15
    ]
  ],
  "backtest": {
    "total_return_proxy": 0.003508399999999986,
    "mean_active_return_proxy": 1.580360360360361e-05,
    "active_signal_ratio": 0.9367088607594937,
    "positive_active_ratio": 0.545045045045045
  }
}