{
  "classification_report": {
    "看空": {
      "precision": 0.2087912087912088,
      "recall": 0.475,
      "f1-score": 0.2900763358778626,
      "support": 40.0
    },
    "看多": {
      "precision": 0.23972602739726026,
      "recall": 0.7,
      "f1-score": 0.35714285714285715,
      "support": 50.0
    },
    "震荡": {
      "precision": 0.0,
      "recall": 0.0,
      "f1-score": 0.0,
      "support": 147.0
    },
    "accuracy": 0.22784810126582278,
    "macro avg": {
      "precision": 0.14950574539615635,
      "recall": 0.3916666666666666,
      "f1-score": 0.21573973100690658,
      "support": 237.0
    },
    "weighted avg": {
      "precision": 0.08581413384603952,
      "recall": 0.22784810126582278,
      "f1-score": 0.12430462570572726,
      "support": 237.0
    }
  },
  "confusion_matrix": [
    [
      19,
      21,
      0
    ],
    [
      15,
      35,
      0
    ],
    [
      57,
      90,
      0
    ]
  ],
  "backtest": {
    "total_return_proxy": 0.09796499999999984,
    "mean_active_return_proxy": 0.0004133544303797461,
    "active_signal_ratio": 1.0,
    "positive_active_ratio": 0.540084388185654
  }
}