{
  "classification_report": {
    "看空": {
      "precision": 0.0,
      "recall": 0.0,
      "f1-score": 0.0,
      "support": 40.0
    },
    "看多": {
      "precision": 0.272108843537415,
      "recall": 0.8,
      "f1-score": 0.40609137055837563,
      "support": 50.0
    },
    "震荡": {
      "precision": 0.7647058823529411,
      "recall": 0.4421768707482993,
      "f1-score": 0.5603448275862069,
      "support": 147.0
    },
    "accuracy": 0.4430379746835443,
    "macro avg": {
      "precision": 0.3456049086301187,
      "recall": 0.4140589569160998,
      "f1-score": 0.3221453993815275,
      "support": 237.0
    },
    "weighted avg": {
      "precision": 0.5317181725010679,
      "recall": 0.4430379746835443,
      "f1-score": 0.4332289374813974,
      "support": 237.0
    }
  },
  "confusion_matrix": [
    [
      0,
      27,
      13
    ],
    [
      3,
      40,
      7
    ],
    [
      2,
      80,
      65
    ]
  ],
  "backtest": {
    "total_return_proxy": 0.02821500000000001,
    "mean_active_return_proxy": 0.00018562500000000068,
    "active_signal_ratio": 0.6413502109704642,
    "positive_active_ratio": 0.5460526315789473
  }
}