{
  "classification_report": {
    "看空": {
      "precision": 0.3939393939393939,
      "recall": 0.325,
      "f1-score": 0.3561643835616438,
      "support": 40.0
    },
    "看多": {
      "precision": 0.215,
      "recall": 0.86,
      "f1-score": 0.344,
      "support": 50.0
    },
    "震荡": {
      "precision": 0.25,
      "recall": 0.006802721088435374,
      "f1-score": 0.013245033112582781,
      "support": 147.0
    },
    "accuracy": 0.24050632911392406,
    "macro avg": {
      "precision": 0.2863131313131313,
      "recall": 0.3972675736961451,
      "f1-score": 0.23780313889140883,
      "support": 237.0
    },
    "weighted avg": {
      "precision": 0.26690960235264033,
      "recall": 0.24050632911392406,
      "f1-score": 0.14090124561187942,
      "support": 237.0
    }
  },
  "confusion_matrix": [
    [
      13,
      27,
      0
    ],
    [
      4,
      43,
      3
    ],
    [
      16,
      130,
      1
    ]
  ],
  "backtest": {
    "total_return_proxy": 0.10256999999999998,
    "mean_active_return_proxy": 0.0004402145922746779,
    "active_signal_ratio": 0.9831223628691983,
    "positive_active_ratio": 0.5278969957081545
  }
}