{
  "classification_report": {
    "看空": {
      "precision": 0.2553191489361702,
      "recall": 0.9473684210526315,
      "f1-score": 0.4022346368715084,
      "support": 38.0
    },
    "看多": {
      "precision": 0.17708333333333334,
      "recall": 0.6296296296296297,
      "f1-score": 0.2764227642276423,
      "support": 27.0
    },
    "震荡": {
      "precision": 0.0,
      "recall": 0.0,
      "f1-score": 0.0,
      "support": 172.0
    },
    "accuracy": 0.22362869198312235,
    "macro avg": {
      "precision": 0.14413416075650118,
      "recall": 0.5256660168940871,
      "f1-score": 0.22621913369971688,
      "support": 237.0
    },
    "weighted avg": {
      "precision": 0.06111129814166442,
      "recall": 0.22362869198312235,
      "f1-score": 0.09598451829225174,
      "support": 237.0
    }
  },
  "confusion_matrix": [
    [
      36,
      2,
      0
    ],
    [
      10,
      17,
      0
    ],
    [
      95,
      77,
      0
    ]
  ],
  "backtest": {
    "total_return_proxy": 0.33687599999999984,
    "mean_active_return_proxy": 0.0014214177215189864,
    "active_signal_ratio": 1.0,
    "positive_active_ratio": 0.6286919831223629
  }
}