{
  "classification_report": {
    "看空": {
      "precision": 0.08823529411764706,
      "recall": 0.2608695652173913,
      "f1-score": 0.13186813186813187,
      "support": 23.0
    },
    "看多": {
      "precision": 0.0,
      "recall": 0.0,
      "f1-score": 0.0,
      "support": 8.0
    },
    "震荡": {
      "precision": 0.8674698795180723,
      "recall": 0.6990291262135923,
      "f1-score": 0.7741935483870968,
      "support": 206.0
    },
    "accuracy": 0.6329113924050633,
    "macro avg": {
      "precision": 0.31856839121190644,
      "recall": 0.3199662304769945,
      "f1-score": 0.3020205600850762,
      "support": 237.0
    },
    "weighted avg": {
      "precision": 0.762566274031345,
      "recall": 0.6329113924050633,
      "f1-score": 0.6857250548553121,
      "support": 237.0
    }
  },
  "confusion_matrix": [
    [
      6,
      0,
      17
    ],
    [
      3,
      0,
      5
    ],
    [
      59,
      3,
      144
    ]
  ],
  "backtest": {
    "total_return_proxy": 0.00028000000000000626,
    "mean_active_return_proxy": 3.943661971831074e-06,
    "active_signal_ratio": 0.29957805907172996,
    "positive_active_ratio": 0.4647887323943662
  }
}